ID,name,currency_code,icon
GA,Green Albatros,CAD,https://raw.githubusercontent.com/SAP-samples/fiori-elements-opensap/main/week1/images/airlines/Green-Albatross-logo.png
FA,Fly Africa,ZAR,https://raw.githubusercontent.com/SAP-samples/fiori-elements-opensap/main/week1/images/airlines/Fly-Africa-logo.png
EA,European Airlines,EUR,https://raw.githubusercontent.com/SAP-samples/fiori-elements-opensap/main/week1/images/airlines/European-Airlines-logo.png
OC,Oceania,USD,https://raw.githubusercontent.com/SAP-samples/fiori-elements-opensap/main/week1/images/airlines/Oceania-logo.png
SW,Sunset Wings,USD,https://raw.githubusercontent.com/SAP-samples/fiori-elements-opensap/main/week1/images/airlines/Sunset-Wings-logo.png
